first_name,last_name,email,password,password_confirmation,admin
Beatrisa,Aspy,baspy0@kickstarter.com,password,password,0
Samantha,Triggle,striggle1@zdnet.com,password,password,1
Bartholomeo,Martinovsky,bmartinovsky2@digg.com,password,password,1
Leigha,Broomer,lbroomer3@amazonaws.com,password,password,1
Gannon,Brydon,gbrydon4@blogger.com,password,password,0
Joachim,Riddell,jriddell5@netscape.com,password,password,0
Nicky,Costa,ncosta6@blogtalkradio.com,password,password,0
Silvia,Pakenham,spakenham7@behance.net,password,password,0
Sheffield,Bakey,sbakey8@ning.com,password,password,1
Garek,Dohr,gdohr9@taobao.com,password,password,1
Anstice,Mapam,amapama@spiegel.de,password,password,1
Godwin,McLaughlin,gmclaughlinb@java.com,password,password,1
David,Bortolutti,dbortoluttic@mapquest.com,password,password,0
Danna,Bedminster,dbedminsterd@drupal.org,password,password,0
Andra,Juszkiewicz,ajuszkiewicze@nydailynews.com,password,password,0
Renault,Varney,rvarneyf@washingtonpost.com,password,password,1
Carrol,Noulton,cnoultong@privacy.gov.au,password,password,0
Bink,Kennally,bkennallyh@cdc.gov,password,password,1
Dulce,Moyers,dmoyersi@dailymotion.com,password,password,1
Nicol,Stringman,nstringmanj@howstuffworks.com,password,password,1
Geoffrey,Pawden,gpawdenk@examiner.com,password,password,1
Shaun,Hardacre,shardacrel@cnn.com,password,password,0
Ingaborg,Langmaid,ilangmaidm@reverbnation.com,password,password,0
Alric,Gurner,agurnern@typepad.com,password,password,0
Anett,Brombell,abrombello@wsj.com,password,password,1
Marget,Freegard,mfreegardp@linkedin.com,password,password,0
Oswell,Grioli,ogrioliq@clickbank.net,password,password,0
Tasia,Rowlett,trowlettr@github.io,password,password,1
Minette,Wollacott,mwollacotts@prweb.com,password,password,0
Lorette,Littlewood,llittlewoodt@com.com,password,password,1
Sianna,Wilkisson,swilkissonu@cmu.edu,password,password,1
Ritchie,Spennock,rspennockv@ovh.net,password,password,0
Ad,Sleath,asleathw@reference.com,password,password,0
Ellwood,Stambridge,estambridgex@hc360.com,password,password,1
Basia,Caughan,bcaughany@chicagotribune.com,password,password,1
Row,Housin,rhousinz@dedecms.com,password,password,1
Virginie,Couzens,vcouzens10@networksolutions.com,password,password,0
Lamont,Seatter,lseatter11@dedecms.com,password,password,0
Tessa,Pomroy,tpomroy12@discovery.com,password,password,1
Courtney,Aleksahkin,caleksahkin13@printfriendly.com,password,password,1
Nixie,Tabner,ntabner14@w3.org,password,password,1
Prudence,Matuska,pmatuska15@newsvine.com,password,password,0
Rik,Divell,rdivell16@blog.com,password,password,0
Woodie,Genery,wgenery17@about.me,password,password,0
Crin,Sweetland,csweetland18@ca.gov,password,password,1
Ado,Revell,arevell19@jiathis.com,password,password,0
Harriet,Whittuck,hwhittuck1a@facebook.com,password,password,1
Stinky,Origin,sorigin1b@exblog.jp,password,password,0
Vilhelmina,Lardez,vlardez1c@youku.com,password,password,1
Carolus,Sains,csains1d@pen.io,password,password,0
Joey,Willoway,jwilloway1e@businessinsider.com,password,password,1
Alric,Biset,abiset1f@nasa.gov,password,password,0
Yurik,Minchell,yminchell1g@shop-pro.jp,password,password,0
Stanton,Iacoboni,siacoboni1h@eepurl.com,password,password,0
Klaus,Thirlaway,kthirlaway1i@symantec.com,password,password,0
Shaun,Lartice,slartice1j@w3.org,password,password,1
Elizabet,Hardway,ehardway1k@g.co,password,password,1
Demetre,Lynett,dlynett1l@theglobeandmail.com,password,password,0
Bay,Kirkness,bkirkness1m@creativecommons.org,password,password,0
Raddy,Golton,rgolton1n@accuweather.com,password,password,0
Bret,Tchir,btchir1o@bigcartel.com,password,password,1
Batsheva,Lygoe,blygoe1p@livejournal.com,password,password,0
Si,Clyde,sclyde1q@samsung.com,password,password,1
Rafferty,Churchlow,rchurchlow1r@parallels.com,password,password,0
Wyatan,Barfield,wbarfield1s@usnews.com,password,password,0
Vassily,Roslen,vroslen1t@networksolutions.com,password,password,0
Turner,McTeer,tmcteer1u@elpais.com,password,password,0
Torrance,Scripps,tscripps1v@hc360.com,password,password,0
Nico,Duffin,nduffin1w@taobao.com,password,password,0
Mel,Jiggins,mjiggins1x@prnewswire.com,password,password,0
Blinni,Booty,bbooty1y@domainmarket.com,password,password,1
Dionis,Greve,dgreve1z@blinklist.com,password,password,1
Krista,McCathay,kmccathay20@hibu.com,password,password,0
Sondra,Cudbird,scudbird21@latimes.com,password,password,0
Saxe,Kegan,skegan22@biglobe.ne.jp,password,password,1
Lodovico,Mayhew,lmayhew23@nationalgeographic.com,password,password,0
Finn,Mac,fmac24@linkedin.com,password,password,1
Carmela,Chasteney,cchasteney25@yandex.ru,password,password,0
Ahmed,Larrie,alarrie26@tmall.com,password,password,1
Antony,Barns,abarns27@geocities.com,password,password,0
Trace,Lamputt,tlamputt28@marriott.com,password,password,0
Dix,Brawley,dbrawley29@moonfruit.com,password,password,0
Olenka,Marfell,omarfell2a@cnet.com,password,password,0
Bordy,Petrecz,bpetrecz2b@who.int,password,password,0
Greggory,Matthisson,gmatthisson2c@google.fr,password,password,0
Cecilia,Tales,ctales2d@topsy.com,password,password,1
Adiana,MacAirt,amacairt2e@xing.com,password,password,0
Bernard,McPhee,bmcphee2f@accuweather.com,password,password,1
Blanche,Ortell,bortell2g@discovery.com,password,password,1
Katti,Adamolli,kadamolli2h@japanpost.jp,password,password,1
Les,Bayman,lbayman2i@deliciousdays.com,password,password,0
Alvis,Rozzier,arozzier2j@cpanel.net,password,password,0
Alleen,Mallinar,amallinar2k@ifeng.com,password,password,0
Felisha,Philott,fphilott2l@ucoz.com,password,password,1
Thornton,Whitnall,twhitnall2m@springer.com,password,password,1
Even,Ruddle,eruddle2n@bigcartel.com,password,password,1
Raleigh,Hubner,rhubner2o@miibeian.gov.cn,password,password,0
Yoshi,Packe,ypacke2p@miibeian.gov.cn,password,password,0
Nyssa,Trunby,ntrunby2q@rambler.ru,password,password,0
Legra,Boatright,lboatright2r@usda.gov,password,password,0
Christian,Dumphy,cdumphy2s@wufoo.com,password,password,0
Luce,Helix,lhelix2t@sfgate.com,password,password,0
Berkeley,Draaisma,bdraaisma2u@addthis.com,password,password,0
Laurie,Munt,lmunt2v@washington.edu,password,password,0
Reena,Theze,rtheze2w@myspace.com,password,password,1
Rolland,Bemrose,rbemrose2x@yelp.com,password,password,1
Aloise,Brankley,abrankley2y@studiopress.com,password,password,1
Ashton,Botwood,abotwood2z@naver.com,password,password,0
Calla,Dummer,cdummer30@illinois.edu,password,password,1
Alysa,Lenham,alenham31@wikimedia.org,password,password,0
Tome,Vagg,tvagg32@businessweek.com,password,password,0
Franzen,Audibert,faudibert33@yelp.com,password,password,1
Kylynn,Berzin,kberzin34@drupal.org,password,password,1
Willi,Goman,wgoman35@domainmarket.com,password,password,0
Pepita,Breem,pbreem36@list-manage.com,password,password,1
Armstrong,Blazi,ablazi37@dell.com,password,password,0
Terry,Norley,tnorley38@qq.com,password,password,0
Nonie,Yanukhin,nyanukhin39@etsy.com,password,password,0
Agace,Ramsden,aramsden3a@multiply.com,password,password,0
Jocelyne,Lutty,jlutty3b@360.cn,password,password,0
Phaidra,Stockney,pstockney3c@europa.eu,password,password,1
Caroljean,Royden,croyden3d@miibeian.gov.cn,password,password,0
Janela,Gavrieli,jgavrieli3e@digg.com,password,password,1
Nellie,Klus,nklus3f@gov.uk,password,password,1
Madelina,Kirtland,mkirtland3g@seattletimes.com,password,password,1
Felicle,Bunner,fbunner3h@illinois.edu,password,password,0
Taylor,Kinkead,tkinkead3i@github.io,password,password,1
Sibley,Ditch,sditch3j@bbb.org,password,password,0
Danni,Dorcey,ddorcey3k@surveymonkey.com,password,password,0
Merna,Doddemeede,mdoddemeede3l@ihg.com,password,password,1
Lilia,Sarrell,lsarrell3m@gov.uk,password,password,0
Mandi,Witterick,mwitterick3n@friendfeed.com,password,password,0
Meryl,Coushe,mcoushe3o@jiathis.com,password,password,0
Maddy,Capstick,mcapstick3p@auda.org.au,password,password,0
Fritz,Poncet,fponcet3q@rediff.com,password,password,0
Humfrid,Faltin,hfaltin3r@homestead.com,password,password,0
Wendi,Seymer,wseymer3s@123-reg.co.uk,password,password,1
Stacy,Donald,sdonald3t@nhs.uk,password,password,0
Lorrin,Klasing,lklasing3u@newyorker.com,password,password,1
Prent,McEntagart,pmcentagart3v@sun.com,password,password,0
Zelig,Romanin,zromanin3w@shinystat.com,password,password,0
Nady,Lindholm,nlindholm3x@reference.com,password,password,0
Blayne,Chidler,bchidler3y@bing.com,password,password,1
Rob,Cotty,rcotty3z@t-online.de,password,password,1
Sherwynd,Sporner,ssporner40@harvard.edu,password,password,1
Conny,Churly,cchurly41@netvibes.com,password,password,1
Cornelle,Jacobi,cjacobi42@arizona.edu,password,password,0
Gae,O'Keevan,gokeevan43@51.la,password,password,1
Mahalia,Klimp,mklimp44@istockphoto.com,password,password,0
Emilio,Pevie,epevie45@myspace.com,password,password,0
Cody,MacGilpatrick,cmacgilpatrick46@globo.com,password,password,0
Jonathan,Rowden,jrowden47@yahoo.co.jp,password,password,0
Yovonnda,Lascell,ylascell48@cbslocal.com,password,password,1
Clara,Gebbie,cgebbie49@goo.gl,password,password,1
Jonis,Cabral,jcabral4a@xrea.com,password,password,0
Raphael,Beynke,rbeynke4b@abc.net.au,password,password,0
Arabela,Thying,athying4c@washington.edu,password,password,1
Jed,Brozsset,jbrozsset4d@domainmarket.com,password,password,1
Lilia,Shobrook,lshobrook4e@miibeian.gov.cn,password,password,1
Xenia,Pigram,xpigram4f@goo.ne.jp,password,password,1
Ruthy,Giacopetti,rgiacopetti4g@privacy.gov.au,password,password,0
Pablo,Le Guin,pleguin4h@unc.edu,password,password,0
Major,Esmond,mesmond4i@toplist.cz,password,password,0
Jayne,Skillern,jskillern4j@vimeo.com,password,password,1
Carolan,Stowers,cstowers4k@gmpg.org,password,password,0
Deeann,Antony,dantony4l@prlog.org,password,password,0
Hazel,Bocock,hbocock4m@multiply.com,password,password,1
Rodd,Cant,rcant4n@marriott.com,password,password,0
Bibbye,Tomaszewski,btomaszewski4o@technorati.com,password,password,0
Levy,Earry,learry4p@soup.io,password,password,0
Keir,Padgham,kpadgham4q@merriam-webster.com,password,password,1
Jammie,Rottcher,jrottcher4r@twitpic.com,password,password,1
Chancey,Runciman,crunciman4s@independent.co.uk,password,password,0
Bernice,Harbertson,bharbertson4t@bandcamp.com,password,password,0
Leigha,Lindroos,llindroos4u@privacy.gov.au,password,password,1
Abby,Findlater,afindlater4v@yellowpages.com,password,password,1
Hillary,Gilks,hgilks4w@elegantthemes.com,password,password,0
Terrill,Roelvink,troelvink4x@marriott.com,password,password,1
Haily,Tenant,htenant4y@issuu.com,password,password,0
Maryellen,Lafaye,mlafaye4z@123-reg.co.uk,password,password,0
Odille,Philcock,ophilcock50@washingtonpost.com,password,password,0
Morgen,Belcher,mbelcher51@state.tx.us,password,password,1
Dosi,Shelf,dshelf52@bravesites.com,password,password,0
Michaeline,Feaver,mfeaver53@chron.com,password,password,0
Stefa,Corkill,scorkill54@archive.org,password,password,0
Adam,Batman,abatman55@livejournal.com,password,password,0
Gaye,Babe,gbabe56@icq.com,password,password,0
Dottie,Farrington,dfarrington57@sogou.com,password,password,1
Nicolette,Yurchenko,nyurchenko58@hostgator.com,password,password,0
Ahmad,McPhaden,amcphaden59@weebly.com,password,password,0
Brynne,Pawlicki,bpawlicki5a@e-recht24.de,password,password,1
Arabele,Vant,avant5b@hubpages.com,password,password,1
Ynez,Desvignes,ydesvignes5c@pinterest.com,password,password,1
Arnuad,Loughren,aloughren5d@comcast.net,password,password,0
Kora,Moyse,kmoyse5e@baidu.com,password,password,1
Vanda,Sherborne,vsherborne5f@cbsnews.com,password,password,1
Shane,Tylor,stylor5g@sina.com.cn,password,password,0
Kennie,Tasch,ktasch5h@bloglovin.com,password,password,1
Sabrina,Tace,stace5i@epa.gov,password,password,0
Dell,McLagain,dmclagain5j@gnu.org,password,password,1
Meg,Crystal,mcrystal5k@goo.gl,password,password,0
Zuzana,Christauffour,zchristauffour5l@google.ca,password,password,1
Deloria,Rosenfelt,drosenfelt5m@nyu.edu,password,password,1
Karlene,Jorissen,kjorissen5n@state.gov,password,password,1
Sayer,Danilovich,sdanilovich5o@ezinearticles.com,password,password,0
Noelyn,Kopta,nkopta5p@nps.gov,password,password,1
Perrine,Berni,pberni5q@twitter.com,password,password,0
Roseanne,Sawrey,rsawrey5r@ustream.tv,password,password,0
Markus,MacDuff,mmacduff5s@delicious.com,password,password,0
Candice,Casazza,ccasazza5t@mit.edu,password,password,0
D'arcy,Drysdall,ddrysdall5u@merriam-webster.com,password,password,1
Viva,Birchill,vbirchill5v@photobucket.com,password,password,0
Terrence,Hutchings,thutchings5w@techcrunch.com,password,password,1
Cozmo,Gambie,cgambie5x@msu.edu,password,password,0
Pippy,Giordano,pgiordano5y@uiuc.edu,password,password,0
Alexandr,Murrigan,amurrigan5z@huffingtonpost.com,password,password,1
Norrie,Bonnaire,nbonnaire60@slate.com,password,password,0
Waylon,Thorn,wthorn61@icq.com,password,password,1
Theresa,Faughey,tfaughey62@imgur.com,password,password,0
Ann,Emslie,aemslie63@imgur.com,password,password,1
Lorenzo,Wheeliker,lwheeliker64@furl.net,password,password,1
Lorraine,Cursons,lcursons65@upenn.edu,password,password,1
Victor,Yedall,vyedall66@yale.edu,password,password,1
Hugibert,Barok,hbarok67@live.com,password,password,1
Terrel,Minto,tminto68@google.ru,password,password,0
Oralia,Marwick,omarwick69@abc.net.au,password,password,0
Farrand,Telega,ftelega6a@w3.org,password,password,0
Korie,Bear,kbear6b@symantec.com,password,password,0
Gunther,Teaz,gteaz6c@google.fr,password,password,0
Carney,Doughartie,cdoughartie6d@woothemes.com,password,password,0
Elset,Lief,elief6e@geocities.com,password,password,0
Lucky,Bony,lbony6f@theatlantic.com,password,password,0
Raffaello,Aveyard,raveyard6g@com.com,password,password,0
Ruperto,Brandoni,rbrandoni6h@paypal.com,password,password,0
Tyler,Arlott,tarlott6i@cam.ac.uk,password,password,0
Ernesto,Bowgen,ebowgen6j@businessinsider.com,password,password,1
Huey,Skipper,hskipper6k@wikia.com,password,password,0
Pascal,Kilcoyne,pkilcoyne6l@i2i.jp,password,password,1
Vallie,Anslow,vanslow6m@hc360.com,password,password,0
Leia,Rohmer,lrohmer6n@nps.gov,password,password,0
Andreas,Aldred,aaldred6o@patch.com,password,password,0
Levey,Chesser,lchesser6p@bizjournals.com,password,password,0
Berkeley,Clowney,bclowney6q@kickstarter.com,password,password,1
Frayda,Dowse,fdowse6r@123-reg.co.uk,password,password,0
Tracie,Burrow,tburrow6s@youtu.be,password,password,0
Noll,Wudeland,nwudeland6t@reference.com,password,password,1
Winn,Davydenko,wdavydenko6u@ycombinator.com,password,password,0
Belia,Poultney,bpoultney6v@smugmug.com,password,password,0
Sally,Twatt,stwatt6w@nydailynews.com,password,password,0
Korrie,Anger,kanger6x@latimes.com,password,password,1
Bette,Dominka,bdominka6y@imdb.com,password,password,0
Giles,Buscher,gbuscher6z@bravesites.com,password,password,0
Gaby,Filmer,gfilmer70@shareasale.com,password,password,0
Faina,Rene,frene71@livejournal.com,password,password,0
Selina,Dickerline,sdickerline72@reverbnation.com,password,password,0
Danell,Penberthy,dpenberthy73@newyorker.com,password,password,1
Felice,Drover,fdrover74@newsvine.com,password,password,0
Velma,Imrie,vimrie75@seesaa.net,password,password,0
Catina,Croome,ccroome76@theatlantic.com,password,password,1
Madlen,Alvarado,malvarado77@smh.com.au,password,password,1
Erena,Brushneen,ebrushneen78@topsy.com,password,password,1
Merna,Elmes,melmes79@friendfeed.com,password,password,1
Freeland,Luxen,fluxen7a@ezinearticles.com,password,password,1
Adelle,Gwyneth,agwyneth7b@guardian.co.uk,password,password,1
Tine,Girvin,tgirvin7c@uol.com.br,password,password,0
Tami,Torrejon,ttorrejon7d@aboutads.info,password,password,0
Rod,M'cowis,rmcowis7e@domainmarket.com,password,password,0
Broderick,Kopman,bkopman7f@youtube.com,password,password,1
Sherline,Praton,spraton7g@jigsy.com,password,password,1
Twila,Gilham,tgilham7h@dedecms.com,password,password,0
Minna,Tripe,mtripe7i@canalblog.com,password,password,1
Carmelina,Angric,cangric7j@google.ca,password,password,1
Ortensia,Southby,osouthby7k@list-manage.com,password,password,0
Scott,Purchall,spurchall7l@scribd.com,password,password,1
Annadiana,Ormonde,aormonde7m@nps.gov,password,password,0
Bondon,Tiery,btiery7n@pbs.org,password,password,0
Fredek,Czaple,fczaple7o@uiuc.edu,password,password,0
Rosetta,Attrey,rattrey7p@newyorker.com,password,password,0
Madella,Benoit,mbenoit7q@cargocollective.com,password,password,0
Lori,Culligan,lculligan7r@nps.gov,password,password,1
Shellysheldon,Dixie,sdixie7s@msn.com,password,password,1
Thom,Outlaw,toutlaw7t@census.gov,password,password,0
Fulton,Illes,filles7u@marriott.com,password,password,1
Donielle,Loftin,dloftin7v@google.com.hk,password,password,1
Grenville,Stuchbery,gstuchbery7w@themeforest.net,password,password,0
Danie,Ummfrey,dummfrey7x@nih.gov,password,password,0
Lennie,Yegorov,lyegorov7y@ycombinator.com,password,password,1
Ara,Garrie,agarrie7z@alexa.com,password,password,0
Armando,Klisch,aklisch80@adobe.com,password,password,1
Vivyanne,Prout,vprout81@google.co.jp,password,password,0
Marnia,Chezier,mchezier82@liveinternet.ru,password,password,0
Uta,Hayer,uhayer83@theglobeandmail.com,password,password,0
Northrup,Lindblom,nlindblom84@alexa.com,password,password,1
Raychel,Gallelli,rgallelli85@bing.com,password,password,1
Tann,McArdle,tmcardle86@pen.io,password,password,0
Carmina,Lindenman,clindenman87@reference.com,password,password,0
Quintana,Yakovitch,qyakovitch88@npr.org,password,password,1
Ban,Danilyak,bdanilyak89@wisc.edu,password,password,0
Padgett,Cerro,pcerro8a@paginegialle.it,password,password,1
Tabbatha,Ghiroldi,tghiroldi8b@comsenz.com,password,password,1
Crin,Itzkovsky,citzkovsky8c@state.tx.us,password,password,1
Waldo,Middis,wmiddis8d@chronoengine.com,password,password,1
Skell,Ginnally,sginnally8e@geocities.com,password,password,1
Blinnie,Fforde,bfforde8f@flickr.com,password,password,0
Marline,Beer,mbeer8g@yolasite.com,password,password,1
Sidoney,Chate,schate8h@linkedin.com,password,password,1
Brooke,Glashby,bglashby8i@bloomberg.com,password,password,0
Ezequiel,Scarsbrook,escarsbrook8j@blogtalkradio.com,password,password,1
Claudina,Breckwell,cbreckwell8k@tumblr.com,password,password,0
Gabie,Sheard,gsheard8l@friendfeed.com,password,password,1
Bettine,Bonin,bbonin8m@bloglovin.com,password,password,0
Bret,Smeuin,bsmeuin8n@soundcloud.com,password,password,1
Marty,Faichney,mfaichney8o@paginegialle.it,password,password,0
Colene,Fairnie,cfairnie8p@about.me,password,password,0
Fraser,Beeble,fbeeble8q@yahoo.com,password,password,1
Gabriel,Gallard,ggallard8r@dot.gov,password,password,0
Orlan,Camies,ocamies8s@storify.com,password,password,1
Bern,Toffoloni,btoffoloni8t@shutterfly.com,password,password,1
Flemming,Founds,ffounds8u@redcross.org,password,password,1
Odessa,Pimer,opimer8v@discovery.com,password,password,1
Wini,Gatland,wgatland8w@google.com,password,password,0
Dorris,Cowling,dcowling8x@friendfeed.com,password,password,1
Pierrette,Latham,platham8y@nature.com,password,password,1
Nikolos,Dymott,ndymott8z@omniture.com,password,password,1
Robbie,Battin,rbattin90@nytimes.com,password,password,0
Monro,Wattins,mwattins91@tripod.com,password,password,1
Danyette,Georger,dgeorger92@surveymonkey.com,password,password,0
Sax,Kenrick,skenrick93@yolasite.com,password,password,1
Gregoire,Titheridge,gtitheridge94@google.co.jp,password,password,0
Isabella,Wilkenson,iwilkenson95@weebly.com,password,password,0
Winfield,Domerc,wdomerc96@cocolog-nifty.com,password,password,0
Derrik,Winks,dwinks97@linkedin.com,password,password,1
Marie,Washington,mwashington98@huffingtonpost.com,password,password,1
Cirilo,Carlson,ccarlson99@businessinsider.com,password,password,0
Tod,Queyos,tqueyos9a@sfgate.com,password,password,0
Had,Stollberg,hstollberg9b@bloomberg.com,password,password,1
Noella,Cayle,ncayle9c@vimeo.com,password,password,0
Sascha,Caughte,scaughte9d@netvibes.com,password,password,0
Gleda,Duxbarry,gduxbarry9e@cbsnews.com,password,password,1
Dulcie,Cartmill,dcartmill9f@washingtonpost.com,password,password,0
Adela,Bedson,abedson9g@jalbum.net,password,password,1
Irv,Tison,itison9h@reverbnation.com,password,password,0
Kurt,Davidov,kdavidov9i@mail.ru,password,password,1
Jeannie,Manvell,jmanvell9j@csmonitor.com,password,password,1
Fleming,Obell,fobell9k@google.ca,password,password,1
Juliet,Temperton,jtemperton9l@google.pl,password,password,1
Camel,Konneke,ckonneke9m@yellowpages.com,password,password,1
Lynette,Woodroffe,lwoodroffe9n@ycombinator.com,password,password,1
Halie,Kippling,hkippling9o@biblegateway.com,password,password,0
Reuven,Jowers,rjowers9p@w3.org,password,password,1
Hodge,Eustis,heustis9q@smh.com.au,password,password,1
Pattie,Maureen,pmaureen9r@samsung.com,password,password,0
Gwyn,Pays,gpays9s@google.nl,password,password,0
Clarisse,Petrovsky,cpetrovsky9t@guardian.co.uk,password,password,1
Theadora,Buckthorpe,tbuckthorpe9u@tripadvisor.com,password,password,0
Jethro,Pozzo,jpozzo9v@bizjournals.com,password,password,0
Juana,Englishby,jenglishby9w@home.pl,password,password,1
Borden,Haburne,bhaburne9x@tinypic.com,password,password,0
Kerk,Jirus,kjirus9y@example.com,password,password,0
Othilia,Casserly,ocasserly9z@spiegel.de,password,password,1
Jameson,McCreath,jmccreatha0@amazon.co.uk,password,password,1
Jandy,Jacobssen,jjacobssena1@furl.net,password,password,0
Philly,Adamo,padamoa2@ucoz.ru,password,password,0
Friederike,Heineke,fheinekea3@dell.com,password,password,0
Garth,Delort,gdelorta4@nytimes.com,password,password,0
Frazier,Loadwick,floadwicka5@soundcloud.com,password,password,0
Flint,Trays,ftraysa6@reddit.com,password,password,1
Nickey,Rispen,nrispena7@mozilla.org,password,password,0
Caren,Ragbourn,cragbourna8@shop-pro.jp,password,password,1
Kimbra,Zienkiewicz,kzienkiewicza9@pcworld.com,password,password,1
Zorine,Wartonby,zwartonbyaa@jiathis.com,password,password,1
Marilin,Giriardelli,mgiriardelliab@amazon.co.jp,password,password,1
Monika,Wastie,mwastieac@oaic.gov.au,password,password,1
Victoir,Raitie,vraitiead@theguardian.com,password,password,1
Giorgio,Gerson,ggersonae@theatlantic.com,password,password,0
Alan,Jacklings,ajacklingsaf@gizmodo.com,password,password,1
Kyla,Simononsky,ksimononskyag@tiny.cc,password,password,0
Ferne,Ealam,fealamah@sbwire.com,password,password,0
Joelle,Shillabear,jshillabearai@springer.com,password,password,1
Rodger,Audiss,raudissaj@hatena.ne.jp,password,password,0
Boyd,Slane,bslaneak@ucla.edu,password,password,1
Bryn,Riolfo,briolfoal@wikimedia.org,password,password,0
Pansie,Pughsley,ppughsleyam@scientificamerican.com,password,password,0
Nat,Rowlson,nrowlsonan@nationalgeographic.com,password,password,0
Quillan,Lourens,qlourensao@tinyurl.com,password,password,0
Dyane,Mico,dmicoap@fda.gov,password,password,0
Brant,Pattinson,bpattinsonaq@w3.org,password,password,0
Dagmar,O'Fielly,dofiellyar@vk.com,password,password,0
Tonia,Marusik,tmarusikas@deliciousdays.com,password,password,0
Rosalie,Chate,rchateat@51.la,password,password,1
Sylvan,Trendle,strendleau@chicagotribune.com,password,password,1
Kassia,Rolfo,krolfoav@vimeo.com,password,password,0
Rusty,Dinneges,rdinnegesaw@nsw.gov.au,password,password,1
Rani,Sommerlie,rsommerlieax@jimdo.com,password,password,1
Elbert,Hovy,ehovyay@amazon.de,password,password,0
Adena,Grahl,agrahlaz@alibaba.com,password,password,1
Janetta,Lorait,jloraitb0@dell.com,password,password,1
Gunter,Kynaston,gkynastonb1@bloglovin.com,password,password,1
Lucita,Danilchev,ldanilchevb2@mapquest.com,password,password,1
Freddie,Clopton,fcloptonb3@desdev.cn,password,password,0
Nero,Floyed,nfloyedb4@behance.net,password,password,1
Laurence,Vaszoly,lvaszolyb5@so-net.ne.jp,password,password,1
Joellen,Linney,jlinneyb6@joomla.org,password,password,1
Desmund,Jeens,djeensb7@hp.com,password,password,0
Betsey,Ruxton,bruxtonb8@zimbio.com,password,password,1
Gretel,Edeson,gedesonb9@1und1.de,password,password,0
Morley,Windous,mwindousba@baidu.com,password,password,1
Erny,Pafford,epaffordbb@yahoo.com,password,password,1
Jorgan,Kolodziej,jkolodziejbc@yellowbook.com,password,password,1
Bartie,Joanaud,bjoanaudbd@cnbc.com,password,password,0
Gamaliel,Jentin,gjentinbe@alibaba.com,password,password,0
Aubrie,Mundie,amundiebf@about.me,password,password,1
Auberon,Winton,awintonbg@wikispaces.com,password,password,0
Terra,Rasp,traspbh@ehow.com,password,password,1
Aguie,Thorndale,athorndalebi@nasa.gov,password,password,0
Royall,Erbain,rerbainbj@answers.com,password,password,1
Sky,Valentelli,svalentellibk@google.com.au,password,password,1
Walden,De Clairmont,wdeclairmontbl@geocities.com,password,password,0
Grace,Jahnke,gjahnkebm@shutterfly.com,password,password,1
Crysta,Westcott,cwestcottbn@sun.com,password,password,0
Chrissie,Aaronson,caaronsonbo@pcworld.com,password,password,1
Morgen,Onions,monionsbp@mediafire.com,password,password,1
Wilie,Vanderplas,wvanderplasbq@jigsy.com,password,password,1
Pat,Harlowe,pharlowebr@nba.com,password,password,0
Jaynell,Alger,jalgerbs@rediff.com,password,password,1
Blondell,Renish,brenishbt@sphinn.com,password,password,0
Ginger,Ranby,granbybu@columbia.edu,password,password,1
Lissie,Vidyapin,lvidyapinbv@toplist.cz,password,password,0
Christabella,Prinnett,cprinnettbw@aboutads.info,password,password,1
Linoel,Lemmer,llemmerbx@hibu.com,password,password,1
Tatiana,Chesterman,tchestermanby@google.fr,password,password,1
Susi,Lavens,slavensbz@zimbio.com,password,password,1
Ema,Robshaw,erobshawc0@over-blog.com,password,password,0
Merrill,Kybird,mkybirdc1@arizona.edu,password,password,1
Hasheem,Lyokhin,hlyokhinc2@simplemachines.org,password,password,1
Camellia,Stockbridge,cstockbridgec3@bizjournals.com,password,password,0
Fredek,Bortolutti,fbortoluttic4@cnn.com,password,password,0
Amby,Blue,abluec5@google.com.au,password,password,0
Kimberly,Callway,kcallwayc6@businessinsider.com,password,password,0
Beulah,Zimek,bzimekc7@patch.com,password,password,0
Hyacintha,Peasnone,hpeasnonec8@patch.com,password,password,1
Willard,Inkpen,winkpenc9@godaddy.com,password,password,1
Lucienne,Woolway,lwoolwayca@oakley.com,password,password,1
Karlyn,Bielby,kbielbycb@bizjournals.com,password,password,1
Anissa,Dineges,adinegescc@webeden.co.uk,password,password,0
Sherye,Pettegree,spettegreecd@ft.com,password,password,1
Bernardo,Girton,bgirtonce@craigslist.org,password,password,0
Milli,Szymaniak,mszymaniakcf@cisco.com,password,password,0
Roana,Truder,rtrudercg@feedburner.com,password,password,1
Amity,Elsie,aelsiech@pagesperso-orange.fr,password,password,0
Atlanta,Mompesson,amompessonci@hao123.com,password,password,1
Raynell,Wigsell,rwigsellcj@is.gd,password,password,0
Prue,Lathwell,plathwellck@dyndns.org,password,password,0
Cammy,Aloigi,caloigicl@cyberchimps.com,password,password,1
Celeste,Hatherleigh,chatherleighcm@deviantart.com,password,password,0
Annadiana,Birkin,abirkincn@qq.com,password,password,0
Sela,Asprey,saspreyco@sfgate.com,password,password,0
Alidia,Preshaw,apreshawcp@tumblr.com,password,password,1
Veronica,Gibbings,vgibbingscq@hexun.com,password,password,0
Johan,Vidgen,jvidgencr@goo.gl,password,password,0
Levey,Hobson,lhobsoncs@dedecms.com,password,password,1
Terese,Hellen,thellenct@geocities.com,password,password,1
Zarah,MacClancey,zmacclanceycu@yale.edu,password,password,0
Amandie,Grishukov,agrishukovcv@wikipedia.org,password,password,0
Jenelle,Geer,jgeercw@networksolutions.com,password,password,0
Catlee,Stebles,csteblescx@microsoft.com,password,password,0
Ninnetta,Addenbrooke,naddenbrookecy@apple.com,password,password,1
Ranice,McDowell,rmcdowellcz@simplemachines.org,password,password,1
Chiquita,Harse,charsed0@cdc.gov,password,password,1
Laraine,Lambell,llambelld1@prlog.org,password,password,0
Timmy,Conechie,tconechied2@plala.or.jp,password,password,0
Gayle,Girardoni,ggirardonid3@github.com,password,password,1
Richard,Feeham,rfeehamd4@github.io,password,password,1
Frank,Hick,fhickd5@163.com,password,password,1
Susanetta,Paddison,spaddisond6@soundcloud.com,password,password,1
Derek,Clacson,dclacsond7@goodreads.com,password,password,0
Hermie,Cardozo,hcardozod8@people.com.cn,password,password,0
Dur,Domel,ddomeld9@sohu.com,password,password,0
Ardisj,Gerriessen,agerriessenda@yellowpages.com,password,password,1
Mathias,Risbridger,mrisbridgerdb@paginegialle.it,password,password,0
Celestyna,Marxsen,cmarxsendc@networkadvertising.org,password,password,0
Alphonse,Jope,ajopedd@wikimedia.org,password,password,0
Maighdiln,Hubber,mhubberde@about.me,password,password,0
Corina,McLachlan,cmclachlandf@dagondesign.com,password,password,1
Allissa,Sandbach,asandbachdg@jugem.jp,password,password,0
Beatrisa,Heaviside,bheavisidedh@google.co.jp,password,password,1
Gaile,Ephson,gephsondi@skype.com,password,password,1
Joyann,Kirkpatrick,jkirkpatrickdj@soup.io,password,password,1
Derril,Coppeard,dcoppearddk@home.pl,password,password,0
Ginnifer,Cowden,gcowdendl@techcrunch.com,password,password,1
Orly,Yitzovitz,oyitzovitzdm@nbcnews.com,password,password,0
Aldridge,Arnoll,aarnolldn@java.com,password,password,1
Heindrick,Slym,hslymdo@storify.com,password,password,1
Rafa,Waterhouse,rwaterhousedp@intel.com,password,password,0
Lola,Posse,lpossedq@salon.com,password,password,0
Harman,Brittin,hbrittindr@purevolume.com,password,password,0
Maurizia,Cahani,mcahanids@google.fr,password,password,0
Alanson,Greenside,agreensidedt@netvibes.com,password,password,1
Augustin,Chartres,achartresdu@mozilla.org,password,password,1
Byrle,Hartburn,bhartburndv@apache.org,password,password,1
Consolata,Levi,clevidw@sina.com.cn,password,password,1
Afton,Mines,aminesdx@mozilla.com,password,password,1
Titus,Burgane,tburganedy@imgur.com,password,password,1
Arron,Heddy,aheddydz@toplist.cz,password,password,0
Katusha,Gallandre,kgallandree0@sakura.ne.jp,password,password,1
Faun,Short,fshorte1@google.ca,password,password,1
Daffie,Gisbourn,dgisbourne2@goodreads.com,password,password,0
Sadye,Baldacchino,sbaldacchinoe3@ezinearticles.com,password,password,1
Ranice,Kytley,rkytleye4@bloglovin.com,password,password,1
Forrester,Acum,facume5@pcworld.com,password,password,1
De,Neward,dnewarde6@seesaa.net,password,password,0
Judy,Loding,jlodinge7@youtube.com,password,password,1
Bronny,Kubat,bkubate8@mac.com,password,password,0
Lenore,Simeone,lsimeonee9@msn.com,password,password,1
Alexandr,Floodgate,afloodgateea@ed.gov,password,password,0
Delilah,Mussalli,dmussallieb@tumblr.com,password,password,0
Sibbie,Kettlestring,skettlestringec@wisc.edu,password,password,1
Saloma,Steagall,ssteagalled@elpais.com,password,password,1
Augustin,MacEllen,amacellenee@adobe.com,password,password,1
Darlene,Elmore,delmoreef@japanpost.jp,password,password,1
Lindsey,Jancic,ljanciceg@clickbank.net,password,password,1
Ingeborg,Blandford,iblandfordeh@w3.org,password,password,0
Georgeanna,Metherell,gmetherellei@xrea.com,password,password,1
Misty,Paten,mpatenej@slate.com,password,password,1
Orren,Searchwell,osearchwellek@bbc.co.uk,password,password,0
Felecia,McCahey,fmccaheyel@surveymonkey.com,password,password,0
Theodoric,Goldson,tgoldsonem@google.com.hk,password,password,0
Jacinta,Elwood,jelwooden@vimeo.com,password,password,1
Korrie,Rathjen,krathjeneo@sitemeter.com,password,password,0
Sayres,O'Meara,somearaep@usnews.com,password,password,0
Maggee,Rothery,mrotheryeq@time.com,password,password,0
Idell,Chattey,ichatteyer@disqus.com,password,password,1
Ad,Salkeld,asalkeldes@wufoo.com,password,password,0
Dalli,Gontier,dgontieret@a8.net,password,password,1
Julianne,Filyushkin,jfilyushkineu@army.mil,password,password,1
Symon,Gemlbett,sgemlbettev@cargocollective.com,password,password,1
Parnell,Ten Broek,ptenbroekew@flavors.me,password,password,0
Helenka,McCluin,hmccluinex@privacy.gov.au,password,password,0
Renata,Braunds,rbraundsey@cisco.com,password,password,1
Maria,Patington,mpatingtonez@chronoengine.com,password,password,1
Brittne,Olyff,bolyfff0@sciencedirect.com,password,password,0
Denni,Jimes,djimesf1@sphinn.com,password,password,1
Caressa,Coryndon,ccoryndonf2@time.com,password,password,0
Cobbie,Choat,cchoatf3@behance.net,password,password,1
Thomas,Bucknell,tbucknellf4@hibu.com,password,password,1
Cordey,Smales,csmalesf5@bing.com,password,password,1
Ben,Wehnerr,bwehnerrf6@elpais.com,password,password,1
Tulley,Keepe,tkeepef7@sphinn.com,password,password,0
Lovell,Sweating,lsweatingf8@free.fr,password,password,1
Wynny,Derby,wderbyf9@abc.net.au,password,password,0
Paulette,Vlasin,pvlasinfa@weibo.com,password,password,0
Sarena,Hobgen,shobgenfb@umn.edu,password,password,1
Gertie,Medcraft,gmedcraftfc@ox.ac.uk,password,password,1
Dareen,Carlick,dcarlickfd@sina.com.cn,password,password,0
Pace,Conboy,pconboyfe@ftc.gov,password,password,0
Ella,Muckian,emuckianff@barnesandnoble.com,password,password,1
Ann-marie,Paunton,apauntonfg@mashable.com,password,password,0
Chip,Nock,cnockfh@hhs.gov,password,password,1
Rosa,McGiveen,rmcgiveenfi@oaic.gov.au,password,password,1
Nerissa,Nattrass,nnattrassfj@bing.com,password,password,1
Florance,Ronayne,fronaynefk@moonfruit.com,password,password,0
Catherine,Auden,caudenfl@java.com,password,password,1
Eolande,Menpes,emenpesfm@reuters.com,password,password,1
Amble,Castle,acastlefn@walmart.com,password,password,0
Melanie,Infante,minfantefo@g.co,password,password,0
Janeta,Morison,jmorisonfp@parallels.com,password,password,1
Maegan,Bims,mbimsfq@webnode.com,password,password,0
Lynea,Meaton,lmeatonfr@whitehouse.gov,password,password,0
Orton,Hitzschke,ohitzschkefs@google.com.au,password,password,0
Savina,Dittson,sdittsonft@etsy.com,password,password,0
Inglis,Culcheth,iculchethfu@admin.ch,password,password,0
Cindelyn,Crosston,ccrosstonfv@go.com,password,password,0
Marti,Freeland,mfreelandfw@rakuten.co.jp,password,password,0
Nissie,Cadany,ncadanyfx@nytimes.com,password,password,1
Guenna,Kingsman,gkingsmanfy@prnewswire.com,password,password,1
Kellia,Awton,kawtonfz@pen.io,password,password,0
Katrinka,Gostyke,kgostykeg0@miibeian.gov.cn,password,password,0
William,Kulvear,wkulvearg1@gnu.org,password,password,1
Reynold,Rubinshtein,rrubinshteing2@chicagotribune.com,password,password,0
Wakefield,Streets,wstreetsg3@ocn.ne.jp,password,password,1
Mauricio,Perrigo,mperrigog4@1und1.de,password,password,0
Hunter,Kreuzer,hkreuzerg5@seattletimes.com,password,password,0
Jemmie,Bullin,jbulling6@psu.edu,password,password,0
Grantham,Bedome,gbedomeg7@abc.net.au,password,password,0
Dix,Rozier,drozierg8@cbsnews.com,password,password,1
Daveta,Scroxton,dscroxtong9@slashdot.org,password,password,1
Mallory,Riddlesden,mriddlesdenga@reuters.com,password,password,0
Libbey,Feaveryear,lfeaveryeargb@domainmarket.com,password,password,0
Kenna,O'Ferris,koferrisgc@parallels.com,password,password,1
Torrin,Jump,tjumpgd@opera.com,password,password,1
Denver,Whittek,dwhittekge@imgur.com,password,password,0
Charley,Gooderson,cgoodersongf@blogger.com,password,password,1
Joline,Escoffier,jescoffiergg@psu.edu,password,password,0
Garry,Sallter,gsalltergh@sohu.com,password,password,1
Tamarah,MacPaden,tmacpadengi@kickstarter.com,password,password,0
Lorrie,Wrist,lwristgj@npr.org,password,password,1
Carmel,Chittem,cchittemgk@icio.us,password,password,0
Norbie,Pudsall,npudsallgl@desdev.cn,password,password,0
Nola,Gaspero,ngasperogm@gov.uk,password,password,0
Randi,Handover,rhandovergn@nifty.com,password,password,1
Jeffy,Reditt,jredittgo@bing.com,password,password,0
Morna,Charopen,mcharopengp@feedburner.com,password,password,1
Logan,Benting,lbentinggq@tinyurl.com,password,password,0
Karmen,Lathleiffure,klathleiffuregr@lulu.com,password,password,0
Jackqueline,Roony,jroonygs@joomla.org,password,password,0
Philly,Syred,psyredgt@mapy.cz,password,password,1
Andie,Gamblin,agamblingu@tiny.cc,password,password,0
Meade,Janson,mjansongv@zimbio.com,password,password,0
Chance,Isaksen,cisaksengw@paypal.com,password,password,1
Archy,Ellett,aellettgx@xing.com,password,password,1
Ollie,Swindley,oswindleygy@sphinn.com,password,password,1
Arden,Roll,arollgz@indiatimes.com,password,password,0
Charla,Szymonwicz,cszymonwiczh0@mozilla.org,password,password,1
Katherina,Cowdry,kcowdryh1@g.co,password,password,0
Elijah,Ogan,eoganh2@mozilla.com,password,password,0
Melantha,Surby,msurbyh3@rediff.com,password,password,1
Bartholomew,Wicklin,bwicklinh4@phpbb.com,password,password,1
Cynthie,Whitebread,cwhitebreadh5@va.gov,password,password,1
Toinette,Riggert,triggerth6@globo.com,password,password,1
Phylis,Roylance,proylanceh7@quantcast.com,password,password,1
Gerhardine,Tanser,gtanserh8@youku.com,password,password,0
Gael,Faiers,gfaiersh9@feedburner.com,password,password,0
Beale,Veschi,bveschiha@netscape.com,password,password,1
Genny,Jentin,gjentinhb@dell.com,password,password,1
Randy,Galvan,rgalvanhc@diigo.com,password,password,1
Philis,Venables,pvenableshd@gravatar.com,password,password,0
Mae,Tweed,mtweedhe@taobao.com,password,password,1
Luce,Goldhawk,lgoldhawkhf@unblog.fr,password,password,1
Latrena,Targe,ltargehg@mashable.com,password,password,1
Melanie,Gawne,mgawnehh@un.org,password,password,1
Pepita,Kernaghan,pkernaghanhi@blinklist.com,password,password,1
Karisa,Conre,kconrehj@issuu.com,password,password,1
Terrijo,Toby,ttobyhk@drupal.org,password,password,1
Kaiser,Pridden,kpriddenhl@oracle.com,password,password,1
Didi,Fourmy,dfourmyhm@1und1.de,password,password,1
Devina,Windebank,dwindebankhn@tripadvisor.com,password,password,0
Ransell,Crohan,rcrohanho@sfgate.com,password,password,1
Donni,Bedo,dbedohp@redcross.org,password,password,1
Aldric,Rissen,arissenhq@stanford.edu,password,password,1
Brandie,Sworn,bswornhr@arstechnica.com,password,password,1
Maggee,Gammack,mgammackhs@themeforest.net,password,password,1
Ursa,French,ufrenchht@ibm.com,password,password,0
Eirena,Simeonov,esimeonovhu@gov.uk,password,password,0
Gregoor,Brader,gbraderhv@senate.gov,password,password,0
Valentina,Dumbar,vdumbarhw@nydailynews.com,password,password,0
Gustie,Volleth,gvollethhx@youtu.be,password,password,1
Newton,Piesing,npiesinghy@nytimes.com,password,password,0
Clim,Deavin,cdeavinhz@1und1.de,password,password,1
Lilla,Stockall,lstockalli0@cargocollective.com,password,password,0
Nalani,Leaf,nleafi1@yandex.ru,password,password,1
Anatollo,Muffett,amuffetti2@sitemeter.com,password,password,0
Wilt,Stott,wstotti3@microsoft.com,password,password,0
Dmitri,Hadigate,dhadigatei4@so-net.ne.jp,password,password,1
Kassie,Klimentyev,kklimentyevi5@comsenz.com,password,password,1
Cynthie,Hammer,chammeri6@rakuten.co.jp,password,password,1
Gwenore,Knocker,gknockeri7@reference.com,password,password,0
Garrik,Lansdale,glansdalei8@livejournal.com,password,password,0
Rhea,Aires,rairesi9@ifeng.com,password,password,1
Isis,Stevenson,istevensonia@latimes.com,password,password,1
Stanly,Head,sheadib@amazon.co.uk,password,password,0
Paolo,Maplesden,pmaplesdenic@bloglines.com,password,password,0
Esme,Leisk,eleiskid@last.fm,password,password,1
Jyoti,Tompkin,jtompkinie@hexun.com,password,password,0
Carroll,Hudspeth,chudspethif@hostgator.com,password,password,1
Thacher,Tremolieres,ttremolieresig@taobao.com,password,password,0
Joanie,Von Oertzen,jvonoertzenih@ft.com,password,password,0
Sondra,Potte,spotteii@answers.com,password,password,1
Matelda,Peotz,mpeotzij@hostgator.com,password,password,1
Valli,Longmore,vlongmoreik@histats.com,password,password,0
Esmaria,Maneylaws,emaneylawsil@google.es,password,password,1
Flint,Arbor,farborim@lycos.com,password,password,0
Bartholomeo,Trever,btreverin@kickstarter.com,password,password,1
Madelena,Traylen,mtraylenio@google.ca,password,password,1
Carry,Bartali,cbartaliip@ucoz.ru,password,password,0
Fifine,Rains,frainsiq@nature.com,password,password,1
Terry,Jozsef,tjozsefir@nbcnews.com,password,password,1
Sim,O'Crevan,socrevanis@cam.ac.uk,password,password,1
Homere,Chesnay,hchesnayit@globo.com,password,password,1
Humphrey,Cranny,hcrannyiu@kickstarter.com,password,password,0
Luther,Attack,lattackiv@live.com,password,password,1
Michaeline,Amor,mamoriw@bloomberg.com,password,password,1
Astra,Sartin,asartinix@prnewswire.com,password,password,0
Olvan,De Roeck,oderoeckiy@examiner.com,password,password,1
Bar,Le Sieur,blesieuriz@china.com.cn,password,password,1
Horatia,Worrall,hworrallj0@over-blog.com,password,password,0
Fabe,Vaughton,fvaughtonj1@goo.gl,password,password,0
Kennie,Lethley,klethleyj2@eepurl.com,password,password,0
Town,Wagge,twaggej3@marriott.com,password,password,0
Broddie,McDavid,bmcdavidj4@admin.ch,password,password,1
Nikolai,Stannus,nstannusj5@nyu.edu,password,password,0
Lesly,Kippen,lkippenj6@mac.com,password,password,0
Alicea,Roman,aromanj7@ucoz.ru,password,password,0
Dyane,Aucott,daucottj8@joomla.org,password,password,1
Ralf,Hek,rhekj9@php.net,password,password,0
Bear,Bridal,bbridalja@ted.com,password,password,1
Anita,Ballham,aballhamjb@is.gd,password,password,1
Giffy,Darwin,gdarwinjc@ucoz.com,password,password,0
Huntley,Imm,himmjd@fema.gov,password,password,1
Jorrie,O'Kelly,jokellyje@newyorker.com,password,password,1
Horacio,Pioli,hpiolijf@disqus.com,password,password,0
Jeanette,Beirne,jbeirnejg@mtv.com,password,password,0
Vivien,Bedward,vbedwardjh@nymag.com,password,password,0
Randa,Dawid,rdawidji@dot.gov,password,password,1
Gillie,Braybrooks,gbraybrooksjj@webmd.com,password,password,0
Trip,Armour,tarmourjk@thetimes.co.uk,password,password,0
Marcelia,Rizzetti,mrizzettijl@addtoany.com,password,password,0
Farrel,Runnalls,frunnallsjm@com.com,password,password,0
Emlynn,Bussen,ebussenjn@webnode.com,password,password,0
Dilan,Kinsell,dkinselljo@rambler.ru,password,password,0
Mark,Middlemass,mmiddlemassjp@1688.com,password,password,0
Aarika,Readshaw,areadshawjq@printfriendly.com,password,password,1
Audie,Bittlestone,abittlestonejr@yellowpages.com,password,password,1
Klaus,Dobell,kdobelljs@spotify.com,password,password,0
Christi,Stolte,cstoltejt@t-online.de,password,password,1
Hy,Pryor,hpryorju@theglobeandmail.com,password,password,0
Mohandas,Adolf,madolfjv@google.es,password,password,1
Sigmund,Courtman,scourtmanjw@seattletimes.com,password,password,1
Brittaney,Plaxton,bplaxtonjx@google.com.br,password,password,1
Stanislas,Tapscott,stapscottjy@si.edu,password,password,1
Patience,Viney,pvineyjz@goodreads.com,password,password,1
Kermie,Braznell,kbraznellk0@yolasite.com,password,password,0
Sheila-kathryn,O'Dogherty,sodoghertyk1@live.com,password,password,0
Lynn,Smails,lsmailsk2@alexa.com,password,password,0
Enriqueta,Erratt,eerrattk3@mediafire.com,password,password,0
Bobette,Caulliere,bcaullierek4@hibu.com,password,password,0
Teodor,MacCard,tmaccardk5@google.es,password,password,1
Stavros,Fluin,sfluink6@cpanel.net,password,password,0
Brook,Sandbach,bsandbachk7@ocn.ne.jp,password,password,0
Christa,Mealing,cmealingk8@google.pl,password,password,0
Jenifer,Undy,jundyk9@com.com,password,password,1
Jamison,Puxley,jpuxleyka@a8.net,password,password,1
Cash,Cantrill,ccantrillkb@sogou.com,password,password,0
Elysia,Tapply,etapplykc@typepad.com,password,password,0
Sapphira,Lycett,slycettkd@arstechnica.com,password,password,1
Erik,Surgeoner,esurgeonerke@sakura.ne.jp,password,password,1
Anabel,Rowter,arowterkf@nature.com,password,password,1
Abeu,Tansly,atanslykg@gov.uk,password,password,1
Waverly,Triplow,wtriplowkh@illinois.edu,password,password,0
Chrotoem,Gravell,cgravellki@slideshare.net,password,password,0
Teddie,Timmens,ttimmenskj@ehow.com,password,password,1
Odille,Billiard,obilliardkk@microsoft.com,password,password,1
Bucky,Dewicke,bdewickekl@gnu.org,password,password,0
Rudd,Lanfere,rlanferekm@tripod.com,password,password,1
Martita,Ratley,mratleykn@themeforest.net,password,password,0
Knox,Posselwhite,kposselwhiteko@ask.com,password,password,0
Codi,Shemilt,cshemiltkp@oracle.com,password,password,1
Goober,Osbaldstone,gosbaldstonekq@freewebs.com,password,password,0
Waylon,Saggs,wsaggskr@plala.or.jp,password,password,1
Briant,Berget,bbergetks@bloomberg.com,password,password,1
Rock,Meier,rmeierkt@yolasite.com,password,password,0
Amara,Artindale,aartindaleku@tiny.cc,password,password,0
Kelila,Clemoes,kclemoeskv@alexa.com,password,password,1
Rachelle,Goulbourn,rgoulbournkw@alexa.com,password,password,1
Niles,Kale,nkalekx@blogs.com,password,password,0
Gwenore,Siemandl,gsiemandlky@tamu.edu,password,password,1
Davine,Vesque,dvesquekz@oracle.com,password,password,1
Cortney,Riddett,criddettl0@yellowpages.com,password,password,0
Brigid,Hold,bholdl1@sciencedaily.com,password,password,0
Leta,Meake,lmeakel2@dedecms.com,password,password,1
Helsa,Goodban,hgoodbanl3@weebly.com,password,password,1
Jamie,Francie,jfranciel4@nydailynews.com,password,password,0
Yorker,MacMakin,ymacmakinl5@blinklist.com,password,password,0
Annadiana,Ayllett,aayllettl6@eepurl.com,password,password,1
Merle,Hallgarth,mhallgarthl7@twitter.com,password,password,1
Karlee,Veelers,kveelersl8@umn.edu,password,password,1
Shanda,Tiffany,stiffanyl9@nymag.com,password,password,0
Rochell,Lapwood,rlapwoodla@booking.com,password,password,1
Bernardo,Fanning,bfanninglb@mit.edu,password,password,1
Floris,Avramow,favramowlc@epa.gov,password,password,0
Catina,Salliere,csalliereld@answers.com,password,password,1
Lizabeth,Loyd,lloydle@stanford.edu,password,password,1
Willi,Phelips,wphelipslf@privacy.gov.au,password,password,0
Hannie,Siggins,hsigginslg@google.nl,password,password,0
Kariotta,Fiske,kfiskelh@xing.com,password,password,0
Rosene,Gallear,rgallearli@paginegialle.it,password,password,0
Natty,Fyall,nfyalllj@xrea.com,password,password,0
Celesta,Blencowe,cblencowelk@unesco.org,password,password,1
Sue,Pabst,spabstll@tmall.com,password,password,1
Erinna,Killner,ekillnerlm@istockphoto.com,password,password,1
Zebulon,Davoren,zdavorenln@ca.gov,password,password,0
Evangelia,Middlebrook,emiddlebrooklo@mit.edu,password,password,0
Carie,Gandrich,cgandrichlp@abc.net.au,password,password,0
Lilith,McComiskie,lmccomiskielq@ted.com,password,password,0
Joanie,Rowler,jrowlerlr@amazonaws.com,password,password,0
Cortie,Fargie,cfargiels@microsoft.com,password,password,0
Sergent,Annwyl,sannwyllt@blogs.com,password,password,1
Rossy,Burchnall,rburchnalllu@goodreads.com,password,password,1
Aggi,Lerner,alernerlv@pbs.org,password,password,0
Tanhya,Golds,tgoldslw@flavors.me,password,password,0
Colly,Abrahmer,cabrahmerlx@patch.com,password,password,0
Erminie,Brewers,ebrewersly@360.cn,password,password,0
Stirling,Klimkin,sklimkinlz@fda.gov,password,password,0
Burke,Rizzone,brizzonem0@mysql.com,password,password,0
Stesha,Bebbington,sbebbingtonm1@cocolog-nifty.com,password,password,0
Sofie,Dowles,sdowlesm2@nytimes.com,password,password,1
Alfy,Tweedie,atweediem3@usatoday.com,password,password,0
Crystal,Traviss,ctravissm4@joomla.org,password,password,0
Yelena,Grebbin,ygrebbinm5@themeforest.net,password,password,1
Bruce,Fannin,bfanninm6@google.com.au,password,password,1
Faunie,Matlock,fmatlockm7@adobe.com,password,password,1
Wadsworth,Purnell,wpurnellm8@google.com.br,password,password,0
Sherill,Philpott,sphilpottm9@nbcnews.com,password,password,0
Ceciley,De Beauchemp,cdebeauchempma@bing.com,password,password,0
Babs,Lusk,bluskmb@paginegialle.it,password,password,1
Ivonne,Oxby,ioxbymc@weebly.com,password,password,1
Lyda,Duell,lduellmd@foxnews.com,password,password,0
Fancy,Sijmons,fsijmonsme@si.edu,password,password,1
Murray,Krolman,mkrolmanmf@blogtalkradio.com,password,password,0
Riki,Diben,rdibenmg@mit.edu,password,password,1
Abie,Tyler,atylermh@w3.org,password,password,1
Kariotta,Kellet,kkelletmi@theglobeandmail.com,password,password,1
Langston,Wadley,lwadleymj@mashable.com,password,password,1
Ahmed,Luparto,alupartomk@arstechnica.com,password,password,0
Kattie,Mackley,kmackleyml@opensource.org,password,password,1
Felipe,Lambertz,flambertzmm@mac.com,password,password,1
Willard,Arden,wardenmn@odnoklassniki.ru,password,password,1
Martelle,Priel,mprielmo@wix.com,password,password,0
Olag,Bernollet,obernolletmp@springer.com,password,password,1
Humbert,Robottham,hrobotthammq@i2i.jp,password,password,1
Hoyt,Kift,hkiftmr@msn.com,password,password,0
Justinn,Eddisforth,jeddisforthms@drupal.org,password,password,0
Deck,Ebi,debimt@biglobe.ne.jp,password,password,0
Linoel,McEvilly,lmcevillymu@sciencedaily.com,password,password,0
Toiboid,Mamwell,tmamwellmv@cam.ac.uk,password,password,0
Starlene,Bras,sbrasmw@printfriendly.com,password,password,1
Laurel,Holywell,lholywellmx@army.mil,password,password,1
Everard,Pimbley,epimbleymy@wix.com,password,password,0
Dyanna,Aspinell,daspinellmz@latimes.com,password,password,0
Benedetta,Edmenson,bedmensonn0@foxnews.com,password,password,1
Alida,Dunford,adunfordn1@ifeng.com,password,password,0
Ulysses,Minchi,uminchin2@pcworld.com,password,password,0
Ingeborg,Arias,iariasn3@google.com,password,password,1
Newton,Hibbart,nhibbartn4@t-online.de,password,password,1
Hanni,Cammomile,hcammomilen5@zimbio.com,password,password,0
Tait,Malam,tmalamn6@ftc.gov,password,password,0
Candra,Kingsnoad,ckingsnoadn7@techcrunch.com,password,password,1
Shani,Betje,sbetjen8@cocolog-nifty.com,password,password,0
Reggie,Solomonides,rsolomonidesn9@ucsd.edu,password,password,1
Bord,Edgcumbe,bedgcumbena@ca.gov,password,password,0
Rafaello,Newman,rnewmannb@tumblr.com,password,password,1
Georgianna,Sobczak,gsobczaknc@youku.com,password,password,0
Lauren,Du Hamel,lduhamelnd@si.edu,password,password,1
Giacopo,Mawditt,gmawdittne@163.com,password,password,0
Alisha,Whinray,awhinraynf@nps.gov,password,password,0
Queenie,Janicki,qjanicking@unicef.org,password,password,0
Brunhilda,Skottle,bskottlenh@cyberchimps.com,password,password,1
Shayne,Aleswell,saleswellni@uol.com.br,password,password,1
Ebony,Rabl,erablnj@google.ca,password,password,0
Imogene,Tussaine,itussainenk@mozilla.org,password,password,0
Veronika,Sedgebeer,vsedgebeernl@uiuc.edu,password,password,1
Tymon,Chowne,tchownenm@huffingtonpost.com,password,password,1
Fran,Revell,frevellnn@sina.com.cn,password,password,1
Piotr,Trynor,ptrynorno@multiply.com,password,password,1
Vachel,De Gouy,vdegouynp@cnet.com,password,password,1
Maynord,Surgeoner,msurgeonernq@nba.com,password,password,0
Caty,Bartolomeoni,cbartolomeoninr@rambler.ru,password,password,1
Arly,Elstub,aelstubns@taobao.com,password,password,0
Christophorus,Macvain,cmacvainnt@biblegateway.com,password,password,1
Gill,Smallthwaite,gsmallthwaitenu@marketwatch.com,password,password,0
Derward,Iddons,diddonsnv@xing.com,password,password,0
Kerry,Geistbeck,kgeistbecknw@cnn.com,password,password,1
Fernandina,O'Kinedy,fokinedynx@mozilla.org,password,password,1
Prudence,Harewood,pharewoodny@shop-pro.jp,password,password,1
Verine,Denyakin,vdenyakinnz@nasa.gov,password,password,1
Silvana,Lovstrom,slovstromo0@instagram.com,password,password,0
Jemmie,Fronzek,jfronzeko1@marriott.com,password,password,0
Charil,Ghelerdini,cghelerdinio2@unicef.org,password,password,1
Magnum,Lassetter,mlassettero3@hao123.com,password,password,1
Stevie,Parlott,sparlotto4@cisco.com,password,password,0
Herminia,Hebble,hhebbleo5@abc.net.au,password,password,1
Margareta,Libbey,mlibbeyo6@edublogs.org,password,password,0
Xever,Sine,xsineo7@ihg.com,password,password,1
Noelyn,Grishunin,ngrishunino8@networkadvertising.org,password,password,0
Lodovico,Maggill'Andreis,lmaggillandreiso9@jigsy.com,password,password,0
Lorraine,Moret,lmoretoa@networksolutions.com,password,password,1
Jorge,Martlew,jmartlewob@tumblr.com,password,password,1
Meggie,Corton,mcortonoc@bloomberg.com,password,password,1
Tiertza,Yon,tyonod@independent.co.uk,password,password,1
Allene,de Castelain,adecastelainoe@alibaba.com,password,password,1
Clayborn,Wims,cwimsof@indiegogo.com,password,password,0
Sargent,Glen,sglenog@naver.com,password,password,0
Isa,Bustin,ibustinoh@g.co,password,password,0
Yul,Chanter,ychanteroi@mapy.cz,password,password,0
Sancho,Benedit,sbeneditoj@ehow.com,password,password,0
Malissia,Simister,msimisterok@who.int,password,password,0
Ivor,Carnelley,icarnelleyol@telegraph.co.uk,password,password,1
Doris,Landrean,dlandreanom@un.org,password,password,0
Ruben,Burnip,rburnipon@bravesites.com,password,password,1
Britt,Leppo,bleppooo@bandcamp.com,password,password,1
Kendrick,Bosse,kbosseop@biglobe.ne.jp,password,password,1
Lynda,Doxsey,ldoxseyoq@nature.com,password,password,1
Vasilis,Nicholson,vnicholsonor@blogger.com,password,password,0
Flossi,Lumsdon,flumsdonos@sogou.com,password,password,0
Thor,Langdon,tlangdonot@hao123.com,password,password,1
Niki,Buttrey,nbuttreyou@senate.gov,password,password,0
Haskell,Inworth,hinworthov@elegantthemes.com,password,password,0
Raven,Pettett,rpettettow@house.gov,password,password,0
Allys,Redmille,aredmilleox@bluehost.com,password,password,0
Lorette,Feveryear,lfeveryearoy@redcross.org,password,password,1
Norman,Berkley,nberkleyoz@examiner.com,password,password,1
Danny,Brissenden,dbrissendenp0@cdc.gov,password,password,1
Terrijo,Points,tpointsp1@cargocollective.com,password,password,1
Mireielle,Starford,mstarfordp2@feedburner.com,password,password,0
Renaldo,Othick,rothickp3@icio.us,password,password,0
Adore,Spickett,aspickettp4@china.com.cn,password,password,1
Ester,Jocelyn,ejocelynp5@surveymonkey.com,password,password,0
Marquita,Patrick,mpatrickp6@walmart.com,password,password,0
Willetta,Marco,wmarcop7@ucoz.ru,password,password,1
Abbie,Reddan,areddanp8@biblegateway.com,password,password,0
Denny,Stevings,dstevingsp9@naver.com,password,password,0
Karon,Weakley,kweakleypa@vistaprint.com,password,password,1
Susy,Pittle,spittlepb@cornell.edu,password,password,0
Felic,Frounks,ffrounkspc@4shared.com,password,password,0
Whitby,Goodale,wgoodalepd@yandex.ru,password,password,0
Joeann,Crumley,jcrumleype@phpbb.com,password,password,1
Claiborne,Schistl,cschistlpf@cyberchimps.com,password,password,0
Dex,Petr,dpetrpg@techcrunch.com,password,password,0
Bryana,Bolver,bbolverph@ed.gov,password,password,0
Terence,Mattersley,tmattersleypi@fda.gov,password,password,0
Otis,Oxenbury,ooxenburypj@phpbb.com,password,password,0
Conni,Aldrick,caldrickpk@comcast.net,password,password,0
Mychal,Markel,mmarkelpl@mtv.com,password,password,1
Lauritz,Sommersett,lsommersettpm@digg.com,password,password,0
Cale,Lewsey,clewseypn@joomla.org,password,password,0
Hurlee,Shotton,hshottonpo@google.co.uk,password,password,1
Bernete,Burtwhistle,bburtwhistlepp@youtube.com,password,password,1
Arlin,Lagde,alagdepq@chron.com,password,password,0
Kitty,Chatenet,kchatenetpr@ucsd.edu,password,password,1
Lindie,MacParlan,lmacparlanps@mail.ru,password,password,0
Ilsa,Saylor,isaylorpt@google.fr,password,password,1
Ashlin,Kelberman,akelbermanpu@skype.com,password,password,0
Rodolphe,McMurraya,rmcmurrayapv@hubpages.com,password,password,1
Clea,Ellice,cellicepw@tinyurl.com,password,password,0
Maribel,Jupe,mjupepx@walmart.com,password,password,0
Faulkner,Tull,ftullpy@auda.org.au,password,password,1
Jerrine,Tabb,jtabbpz@cdbaby.com,password,password,1
Ches,Boram,cboramq0@umich.edu,password,password,0
Binky,Brucker,bbruckerq1@gnu.org,password,password,1
Colan,Jacmar,cjacmarq2@scribd.com,password,password,0
Prudence,Jeannesson,pjeannessonq3@rediff.com,password,password,0
Zitella,Wheadon,zwheadonq4@apple.com,password,password,0
Marta,Eberlein,meberleinq5@shop-pro.jp,password,password,0
Kakalina,Neasam,kneasamq6@sohu.com,password,password,1
Hamid,Cruz,hcruzq7@microsoft.com,password,password,0
Aurie,Darracott,adarracottq8@newyorker.com,password,password,1
Caril,Adaway,cadawayq9@huffingtonpost.com,password,password,1
Udell,Crackel,ucrackelqa@list-manage.com,password,password,0
Marin,Wyness,mwynessqb@narod.ru,password,password,0
Robbie,Sill,rsillqc@multiply.com,password,password,1
Alma,Victory,avictoryqd@jimdo.com,password,password,1
Tedmund,Blumire,tblumireqe@eventbrite.com,password,password,1
Ajay,Emeny,aemenyqf@guardian.co.uk,password,password,0
Ivory,Speeding,ispeedingqg@skyrock.com,password,password,1
Celisse,Rakes,crakesqh@wisc.edu,password,password,1
Cherin,Beeson,cbeesonqi@microsoft.com,password,password,0
Ralf,Blitz,rblitzqj@paypal.com,password,password,1
Kati,Stradling,kstradlingqk@furl.net,password,password,1
Alicea,McMeekin,amcmeekinql@godaddy.com,password,password,0
Lorenzo,Amott,lamottqm@qq.com,password,password,0
Alejandro,Petranek,apetranekqn@opensource.org,password,password,1
Aaren,Kennion,akennionqo@photobucket.com,password,password,0
Karalee,Barritt,kbarrittqp@economist.com,password,password,0
Tandie,Conrard,tconrardqq@fotki.com,password,password,0
Roderich,Embra,rembraqr@aol.com,password,password,1
Jojo,Mantz,jmantzqs@nationalgeographic.com,password,password,1
Pier,Helleckas,phelleckasqt@odnoklassniki.ru,password,password,0
Leroi,Pittwood,lpittwoodqu@xinhuanet.com,password,password,0
Booth,Hornung,bhornungqv@china.com.cn,password,password,0
Sindee,Collymore,scollymoreqw@facebook.com,password,password,0
Jaquenette,Sillwood,jsillwoodqx@census.gov,password,password,0
Gypsy,Patience,gpatienceqy@mashable.com,password,password,1
Renell,Musico,rmusicoqz@smh.com.au,password,password,1
Kendricks,Oliva,kolivar0@shareasale.com,password,password,1
Merlina,Searjeant,msearjeantr1@dropbox.com,password,password,1
Ximenez,Heffy,xheffyr2@princeton.edu,password,password,0
Mira,Gumbrell,mgumbrellr3@google.it,password,password,1
Allayne,Charke,acharker4@vimeo.com,password,password,1
Julio,Cousins,jcousinsr5@shareasale.com,password,password,0
Roanne,Bryceson,rbrycesonr6@reference.com,password,password,0
Stern,O' Molan,somolanr7@csmonitor.com,password,password,1
Arnoldo,Kollach,akollachr8@washingtonpost.com,password,password,0
Forrest,Sedworth,fsedworthr9@engadget.com,password,password,1
Phedra,Bickley,pbickleyra@zimbio.com,password,password,0
Orsola,Massie,omassierb@loc.gov,password,password,1
Abrahan,Glanton,aglantonrc@twitpic.com,password,password,1
Jenny,Cleghorn,jcleghornrd@ebay.co.uk,password,password,1
Stephana,Merriday,smerridayre@foxnews.com,password,password,0
Silvanus,Cranston,scranstonrf@globo.com,password,password,0
Hyatt,Halvosen,hhalvosenrg@facebook.com,password,password,1
Lorette,Surr,lsurrrh@soundcloud.com,password,password,1
Hart,Custance,hcustanceri@shareasale.com,password,password,0
Marni,Wrennall,mwrennallrj@edublogs.org,password,password,1
Chadwick,Saltmarsh,csaltmarshrk@squidoo.com,password,password,1
Alec,Bogue,aboguerl@infoseek.co.jp,password,password,1
Corabel,Fomichkin,cfomichkinrm@barnesandnoble.com,password,password,1
Matthus,Macbane,mmacbanern@google.ca,password,password,0
Dru,Baldick,dbaldickro@youku.com,password,password,1
Gwenni,Bridgement,gbridgementrp@seesaa.net,password,password,0
Devora,McMenamin,dmcmenaminrq@tmall.com,password,password,1
Zedekiah,Hightown,zhightownrr@wikia.com,password,password,0
